{
    "colors": {
        "ntp_background": [
            236.997,
            236.997,
            236.997,
            1
        ],
        "toolbar": [
            255,
            255,
            255,
            1
        ],
        "frame": [
            255,
            255,
            255,
            1
        ],
        "frame_inactive": [
            236.997,
            236.997,
            236.997,
            1
        ],
        "frame_incognito": [
            236.997,
            236.997,
            236.997,
            1
        ],
        "frame_incognito_inactive": [
            236.997,
            236.997,
            236.997,
            1
        ],
        "background_tab": [
            236.997,
            236.997,
            236.997,
            1
        ],
        "background_tab_inactive": [
            236.997,
            236.997,
            236.997,
            1
        ],
        "background_tab_incognito": [
            236.997,
            236.997,
            236.997,
            1
        ],
        "background_tab_incognito_inactive": [
            236.997,
            236.997,
            236.997,
            1
        ],
        "omnibox_background": [
            236.997,
            236.997,
            236.997,
            1
        ],
        "omnibox_text": [
            102.9935361,
            230.97899999999998,
            217.98047632265624,
            1
        ],
        "tab_background_text": [
            191.9895,
            191.9895,
            191.9895,
            1
        ],
        "tab_background_text_inactive": [
            191.9895,
            191.9895,
            191.9895,
            1
        ],
        "tab_background_text_incognito": [
            191.9895,
            191.9895,
            191.9895,
            1
        ],
        "tab_background_text_incognito_inactive": [
            191.9895,
            191.9895,
            191.9895,
            1
        ],
        "tab_text": [
            98.991,
            98.991,
            98.991,
            1
        ],
        "bookmark_text": [
            98.991,
            98.991,
            98.991,
            1
        ],
        "toolbar_button_icon": [
            98.991,
            98.991,
            98.991,
            1
        ],
        "button_background": [
            98.991,
            98.991,
            98.991,
            1
        ],
        "ntp_text": [
            98.991,
            98.991,
            98.991,
            1
        ],
        "ntp_link": [
            98.991,
            98.991,
            98.991,
            1
        ],
        "ntp_header": [
            98.991,
            98.991,
            98.991,
            1
        ]
    }
}
