{
    "colors": {
        "ntp_background": [
            46.9965,
            46.9965,
            46.9965,
            1
        ],
        "toolbar": [
            68.4165,
            68.4165,
            68.4165,
            1
        ],
        "frame": [
            22.9755,
            22.9755,
            22.9755,
            1
        ],
        "frame_inactive": [
            33.9915,
            33.9915,
            33.9915,
            1
        ],
        "frame_incognito": [
            33.9915,
            33.9915,
            33.9915,
            1
        ],
        "frame_incognito_inactive": [
            33.9915,
            33.9915,
            33.9915,
            1
        ],
        "background_tab": [
            38.98949999999999,
            38.98949999999999,
            38.98949999999999,
            1
        ],
        "background_tab_inactive": [
            33.9915,
            33.9915,
            33.9915,
            1
        ],
        "background_tab_incognito": [
            33.9915,
            33.9915,
            33.9915,
            1
        ],
        "background_tab_incognito_inactive": [
            38.98949999999999,
            38.98949999999999,
            38.98949999999999,
            1
        ],
        "omnibox_background": [
            22.9755,
            22.9755,
            22.9755,
            1
        ],
        "omnibox_text": [
            201.00018000000017,
            204,
            24.010799999999985,
            1
        ],
        "tab_background_text": [
            98.991,
            98.991,
            98.991,
            1
        ],
        "tab_background_text_inactive": [
            98.991,
            98.991,
            98.991,
            1
        ],
        "tab_background_text_incognito": [
            98.991,
            98.991,
            98.991,
            1
        ],
        "tab_background_text_incognito_inactive": [
            98.991,
            98.991,
            98.991,
            1
        ],
        "tab_text": [
            191.9895,
            191.9895,
            191.9895,
            1
        ],
        "bookmark_text": [
            191.9895,
            191.9895,
            191.9895,
            1
        ],
        "toolbar_button_icon": [
            191.9895,
            191.9895,
            191.9895,
            1
        ],
        "button_background": [
            98.991,
            98.991,
            98.991,
            1
        ],
        "ntp_text": [
            98.991,
            98.991,
            98.991,
            1
        ],
        "ntp_link": [
            98.991,
            98.991,
            98.991,
            1
        ],
        "ntp_header": [
            98.991,
            98.991,
            98.991,
            1
        ]
    }
}
