{
    "colors": {
        "ntp_background": [
            46.9965,
            46.9965,
            46.9965,
            1
        ],
        "toolbar": [
            62.985,
            62.985,
            62.985,
            1
        ],
        "frame": [
            22.9755,
            22.9755,
            22.9755,
            1
        ],
        "frame_inactive": [
            38.98949999999999,
            38.98949999999999,
            38.98949999999999,
            1
        ],
        "frame_incognito": [
            38.98949999999999,
            38.98949999999999,
            38.98949999999999,
            1
        ],
        "frame_incognito_inactive": [
            38.98949999999999,
            38.98949999999999,
            38.98949999999999,
            1
        ],
        "background_tab": [
            38.98949999999999,
            38.98949999999999,
            38.98949999999999,
            1
        ],
        "background_tab_inactive": [
            38.98949999999999,
            38.98949999999999,
            38.98949999999999,
            1
        ],
        "background_tab_incognito": [
            38.98949999999999,
            38.98949999999999,
            38.98949999999999,
            1
        ],
        "background_tab_incognito_inactive": [
            38.98949999999999,
            38.98949999999999,
            38.98949999999999,
            1
        ],
        "omnibox_background": [
            31.976999999999997,
            31.976999999999997,
            31.976999999999997,
            1
        ],
        "omnibox_text": [
            134.99699999999999,
            33.00676650000001,
            57.00446850000001,
            1
        ],
        "tab_background_text": [
            98.991,
            98.991,
            98.991,
            1
        ],
        "tab_background_text_inactive": [
            98.991,
            98.991,
            98.991,
            1
        ],
        "tab_background_text_incognito": [
            98.991,
            98.991,
            98.991,
            1
        ],
        "tab_background_text_incognito_inactive": [
            98.991,
            98.991,
            98.991,
            1
        ],
        "tab_text": [
            134.99699999999999,
            33.00676650000001,
            57.00446850000001,
            1
        ],
        "bookmark_text": [
            191.9895,
            191.9895,
            191.9895,
            1
        ],
        "toolbar_button_icon": [
            191.9895,
            191.9895,
            191.9895,
            1
        ],
        "button_background": [
            98.991,
            98.991,
            98.991,
            1
        ],
        "ntp_text": [
            98.991,
            98.991,
            98.991,
            1
        ],
        "ntp_link": [
            98.991,
            98.991,
            98.991,
            1
        ],
        "ntp_header": [
            98.991,
            98.991,
            98.991,
            1
        ]
    }
}
